{"lights":{"1":{"state":{"on":false,"bri":254,"hue":25500,"sat":254,"xy":[0.0,0.0],"ct":0,"alert":"none","effect":"none","colormode":"hs","reachable":true},"type":"Extended color light","name":"Hue Lamp 1","modelid":"LCT001","swversion":"65003148","uniqueid":"00:17:88:01:00:d4:12:08-0a","pointsymbol":{"1":"none","2":"none","3":"none","4":"none","5":"none","6":"none","7":"none","8":"none"}},"2":{"state":{"on":false,"bri":254,"hue":25500,"sat":254,"xy":[0.346,0.3568],"ct":201,"alert":"none","effect":"none","colormode":"hs","reachable":true},"type":"Extended color light","name":"Hue Lamp 2","modelid":"LCT001","swversion":"65003148","uniqueid":"00:17:88:01:00:d4:12:08-0b","pointsymbol":{"1":"none","2":"none","3":"none","4":"none","5":"none","6":"none","7":"none","8":"none"}},"3":{"state":{"on":false,"bri":254,"hue":25500,"sat":254,"xy":[0.346,0.3568],"ct":201,"alert":"none","effect":"none","colormode":"hs","reachable":true},"type":"Extended color light","name":"Hue Lamp 3","modelid":"LCT001","swversion":"65003148","uniqueid":"00:17:88:01:00:d4:12:08-0c","pointsymbol":{"1":"none","2":"none","3":"none","4":"none","5":"none","6":"none","7":"none","8":"none"}},"4":{"state":{"on":false,"bri":254,"hue":25500,"sat":254,"xy":[0.0,0.0],"ct":0,"alert":"none","effect":"none","colormode":"xy","reachable":true},"type":"Extended color light","name":"New Light - 4","modelid":"LCT001","swversion":"65003148","uniqueid":"c2:e3:87:34:9c:2b:61:81-53","pointsymbol":{"1":"none","2":"none","3":"none","4":"none","5":"none","6":"none","7":"none","8":"none"}},"5":{"state":{"on":false,"bri":254,"hue":25500,"sat":254,"xy":[0.0,0.0],"ct":0,"alert":"none","effect":"none","colormode":"xy","reachable":true},"type":"Extended color light","name":"New Light - 5","modelid":"LCT001","swversion":"65003148","uniqueid":"2a:40:1a:cb:54:51:84:36-b2","pointsymbol":{"1":"none","2":"none","3":"none","4":"none","5":"none","6":"none","7":"none","8":"none"}},"6":{"state":{"on":false,"bri":254,"hue":25500,"sat":254,"xy":[0.0,0.0],"ct":0,"alert":"none","effect":"none","colormode":"xy","reachable":true},"type":"Extended color light","name":"New Light - 6","modelid":"LCT001","swversion":"65003148","uniqueid":"39:b1:27:1e:6e:71:14:28-54","pointsymbol":{"1":"none","2":"none","3":"none","4":"none","5":"none","6":"none","7":"none","8":"none"}},"7":{"state":{"on":false,"bri":254,"hue":25500,"sat":254,"xy":[0.0,0.0],"ct":0,"alert":"none","effect":"none","colormode":"xy","reachable":true},"type":"Extended color light","name":"New Light - 7","modelid":"LCT001","swversion":"65003148","uniqueid":"21:39:27:b2:44:7c:43:09-77","pointsymbol":{"1":"none","2":"none","3":"none","4":"none","5":"none","6":"none","7":"none","8":"none"}},"8":{"state":{"on":false,"bri":254,"hue":25500,"sat":254,"xy":[0.0,0.0],"ct":0,"alert":"none","effect":"none","colormode":"xy","reachable":true},"type":"Extended color light","name":"New Light - 8","modelid":"LCT001","swversion":"65003148","uniqueid":"31:43:b6:57:a3:dd:61:65-a3","pointsymbol":{"1":"none","2":"none","3":"none","4":"none","5":"none","6":"none","7":"none","8":"none"}},"9":{"state":{"on":false,"bri":254,"hue":25500,"sat":254,"xy":[0.0,0.0],"ct":0,"alert":"none","effect":"none","colormode":"xy","reachable":true},"type":"Extended color light","name":"New Light - 9","modelid":"LCT001","swversion":"65003148","uniqueid":"66:26:9e:30:9b:3d:96:49-0e","pointsymbol":{"1":"none","2":"none","3":"none","4":"none","5":"none","6":"none","7":"none","8":"none"}},"10":{"state":{"on":false,"bri":254,"hue":25500,"sat":254,"xy":[0.0,0.0],"ct":0,"alert":"none","effect":"none","colormode":"xy","reachable":true},"type":"Extended color light","name":"New Light - 10","modelid":"LCT001","swversion":"65003148","uniqueid":"8e:82:be:66:db:3c:36:66-01","pointsymbol":{"1":"none","2":"none","3":"none","4":"none","5":"none","6":"none","7":"none","8":"none"}}},"schedules":{"1":{"time":"2012-10-29T12:00:00","description":"","name":"schedule","command":{"body":{"scene":null,"on":true,"xy":null,"bri":null,"transitiontime":null},"address":"/api/newdeveloper/groups/0/action","method":"PUT"}}},"config":{"portalservices":false,"gateway":"192.168.2.1","mac":"00:00:88:00:bb:ee","bridgeid":"000088FFFE00BBEE","modelid":"BSB001","swversion":"01005215","linkbutton":false,"ipaddress":"192.168.160.1:8000","proxyport":0,"swupdate":{"text":"","notify":false,"updatestate":0,"url":""},"netmask":"255.255.255.0","name":"Philips hue","dhcp":true,"proxyaddress":"","whitelist":{"newdeveloper":{"name":"test user","last use date":"2024-07-15T16:30:17","create date":"2012-10-29T12:00:00"}},"UTC":"2012-10-29T12:05:00"},"groups":{"1":{"name":"Group 1","action":{"on":true,"bri":254,"hue":33536,"sat":144,"xy":[0.346,0.3568],"ct":201,"alert":null,"effect":"none","colormode":"xy","reachable":null},"lights":["1","2"]}},"scenes":{}}